Protein_ID,A,CE.gap0,EY.gap0,GD.gap0,IE.gap0,LD.gap0,LI.gap0,NM.gap0,PK.gap0,TE.gap0,YP.gap0,MG.gap1,NM.gap1,RG.gap1,TV.gap1,TW.gap1,YK.gap1,AF.gap2,EI.gap2,FN.gap2,FR.gap2,GF.gap2,MD.gap2,NA.gap2,SM.gap2,SW.gap2,TQ.gap2,YE.gap2,AI.gap3,AY.gap3,IG.gap3,IH.gap3,PF.gap3,RF.gap3,VS.gap3,FV.gap4,KY.gap4,LS.gap4,NA.gap4,PL.gap4,PS.gap4,YH.gap4,DM.gap5,FP.gap5,GH.gap5,GR.gap5,HI.gap5,HM.gap5,HN.gap5,PN.gap5,SF.gap5,AAH,AET,AHQ,AIT,AMV,AQE,AVQ,AVT,AYA,DDN,DKH,DNR,EID,ELA,EMS,EQT,ESK,ETK,EVG,FDH,FIK,GDE,GGI,GGL,GLL,GWE,HVK,IAI,IIT,ILT,IQF,IVN,IYS,KGS,KIN,KKL,KVN,LDF,LDS,LKN,LNG,LNY,LSD,NAA,NGK,NNF,NYK,PLA,PVK,QND,RID,SAI,SKD,SRM,SSA,STL,TEA,TKD,TMM,TNE,TSG,TTV,TYK,VEK,VNG,VRN,VSA,VYN,YAN,YGA,YGY,YSP,CIDH920105.lag1,CIDH920105.lag26,CHAM820102.lag3,CHAM820102.lag15,CHAM810101.lag14,CHAM810101.lag24,g1.g1.g3,g1.g4.g4,g1.g4.g5,g1.g6.g4,g3.g5.g2,g4.g5.g3,SPAAN-Pad-value,signal_peptide_SP,signal_peptide_LIPO,signal_peptide_TAT,signal_peptide_TATLIPO,signal_peptide_PILIN,signal_peptide_OTHER,DeepTMHMM-No. of TMRs-TMB,DeepTMHMM-No. of TMRs-TMH,DeepTMHMM-SP
AAC45937.1,0.1057142857142857,0.0,0.0057306590257879,0.0,0.0028653295128939,0.0085959885386819,0.0,0.0028653295128939,0.0,0.0028653295128939,0.0028653295128939,0.0028735632183908,0.0,0.0,0.0028735632183908,0.0,0.0,0.0,0.0,0.0028818443804034,0.0028818443804034,0.0057636887608069,0.0,0.0144092219020172,0.0,0.0,0.0,0.0086455331412103,0.0028901734104046,0.0028901734104046,0.0057803468208092,0.0,0.0,0.0,0.0086705202312138,0.008695652173913,0.0028985507246376,0.0028985507246376,0.008695652173913,0.0,0.0,0.0,0.0,0.0,0.0,0.005813953488372,0.002906976744186,0.0,0.0,0.0,0.002906976744186,0.0,0.0,0.0028735632183908,0.0,0.0,0.0,0.0,0.0,0.0,0.0,0.0,0.0,0.0,0.0028735632183908,0.0,0.0,0.0,0.0,0.0,0.0,0.0,0.0,0.0,0.0,0.0,0.0,0.0,0.0,0.0,0.0,0.0,0.0,0.0,0.0,0.0,0.0,0.0,0.0,0.0,0.0028735632183908,0.0,0.0,0.0,0.0,0.0,0.0,0.0,0.0,0.0,0.0,0.0,0.0,0.0,0.0,0.0,0.0,0.0,0.0,0.0,0.0,0.0,0.0028735632183908,0.0,0.0,0.0,0.0028735632183908,0.0028735632183908,0.0,0.0,0.0,0.0,0.0,-0.1581344228299951,-0.1324428275549866,-0.0023313389362726,-0.0096270658822071,0.0141471140882126,-0.0030577374348619,0.5,0.3,0.1,0.2,0.2,0.0,0.9999921875000002,0.000004,0.000000,0.000000,0.000000,0.000000,1.000026,0.0,0.0,0.014252915601023017
